<?xml version="1.0" encoding="UTF-8"?>
<!DOCTYPE mapper PUBLIC "-//mybatis.org//DTD Mapper 3.0//EN" "http://mybatis.org/dtd/mybatis-3-mapper.dtd">
<mapper namespace="cn.k.spring_large_data.mapper.StudentMapper">
    <resultMap id="baseMap" type="cn.k.spring_large_data.domain.StudentDomain">
       <id property="id" column="id"></id>
        <result property="lastName" column="last_name"></result>
        <result property="email" column="email"></result>
        <result property="gender" column="gender"></result>
        <result property="age" column="age"></result>
        <result property="c1" column="Column1"></result>
        <result property="c2" column="Column2"></result>
        <result property="c3" column="Column3"></result>
        <result property="c4" column="Column4"></result>
        <result property="c5" column="Column5"></result>
        <result property="c6" column="Column6"></result>
        <result property="c7" column="Column7"></result>
        <result property="c8" column="Column8"></result>
        <result property="c9" column="Column9"></result>
        <result property="c10" column="Column10"></result>
        <result property="c11" column="Column11"></result>
        <result property="c12" column="Column12"></result>
        <result property="c13" column="Column13"></result>
        <result property="c14" column="Column14"></result>
        <result property="c15" column="Column15"></result>
        <result property="c16" column="Column16"></result>
        <result property="c17" column="Column17"></result>
        <result property="c18" column="Column18"></result>

    </resultMap>

    <select id="exportByCondition" resultMap="baseMap">
        select * from tbl_employee
    </select>
</mapper>